﻿<?xml version='1.0' encoding='UTF-8'?>
<!-- Generated by LavishSettings v2 -->
<InnerSpaceSettings>
	<Set Name="Profiles">
		<Set Name="Beastlord">
			<Set Name="Settings">
				<Setting Name="checkbox_settings_buffs">TRUE</Setting>
				<Setting Name="checkbox_settings_combatarts">TRUE</Setting>
				<Setting Name="checkbox_settings_namedcombatarts">TRUE</Setting>
				<Setting Name="checkbox_settings_rangedattack">TRUE</Setting>
				<Setting Name="checkbox_settings_autoattacktiming">FALSE</Setting>
				<Setting Name="checkbox_settings_meleeattack">TRUE</Setting>
				<Setting Name="checkbox_settings_ignoretargettoattackhealthcheck">FALSE</Setting>
				<Setting Name="checkbox_settings_loot">FALSE</Setting>
				<Setting Name="checkbox_settings_acceptloot">TRUE</Setting>
				<Setting Name="checkbox_settings_acceptres">TRUE</Setting>
				<Setting Name="checkbox_settings_prioritytab">TRUE</Setting>
				<Setting Name="checkbox_settings_acceptinvites">TRUE</Setting>
				<Setting Name="checkbox_settings_enablealiases">TRUE</Setting>
				<Setting Name="checkbox_settings_enableogremcp">FALSE</Setting>
				<Setting Name="checkbox_settings_enableonscreenassistant">FALSE</Setting>
				<Setting Name="checkbox_settings_enableannouncetab">TRUE</Setting>
				<Setting Name="checkbox_settings_raidoptions">FALSE</Setting>
				<Setting Name="checkbox_settings_grindoptions">TRUE</Setting>
				<Setting Name="checkbox_settings_encountersmartnukes">TRUE</Setting>
				<Setting Name="checkbox_settings_aesmartnukes">TRUE</Setting>
				<Setting Name="checkbox_settings_autotargetwhenhated">TRUE</Setting>
				<Setting Name="checkbox_settings_res">FALSE</Setting>
				<Setting Name="checkbox_settings_dopowerheals">FALSE</Setting>
				<Setting Name="checkbox_settings_assist">TRUE</Setting>
				<Setting Name="checkbox_settings_autofollow">FALSE</Setting>
				<Setting Name="checkbox_settings_chaintab">TRUE</Setting>
				<Setting Name="checkbox_settings_movetoarea">TRUE</Setting>
				<Setting Name="checkbox_settings_doho">FALSE</Setting>
				<Setting Name="checkbox_settings_facenpc">TRUE</Setting>
				<Setting Name="checkbox_settings_turnoffattack">TRUE</Setting>
				<Setting Name="checkbox_settings_movemelee">FALSE</Setting>
				<Setting Name="checkbox_settings_movebehind">FALSE</Setting>
				<Setting Name="checkbox_settings_cancelinvisaftercombat">TRUE</Setting>
				<Setting Name="checkbox_settings_acceptdungeonfinderisready">TRUE</Setting>
				<Setting Name="checkbox_settings_raidoptionslimited">FALSE</Setting>
				<Setting Name="checkbox_settings_enablepetsindropdowns">TRUE</Setting>
				<Setting Name="checkbox_settings_forcenamedcatab">FALSE</Setting>
				<Setting Name="checkbox_settings_enableitemsinabilitylists">TRUE</Setting>
				<Setting Name="checkbox_settings_ignoremovetoattackhealthcheck">FALSE</Setting>
				<Setting Name="checkbox_settings_donotsendpettoattack">FALSE</Setting>
				<Setting Name="checkbox_settings_disableabilitycollisionchecks">TRUE</Setting>
				<Setting Name="checkbox_settings_disablecaststack_ca">FALSE</Setting>
				<Setting Name="checkbox_settings_summon_familiar">TRUE</Setting>
				<Setting Name="checkbox_settings_dov_raid_debuff_allow_moving">TRUE</Setting>
				<Setting Name="checkbox_settings_dov_raid_debuff">TRUE</Setting>
				<Setting Name="checkbox_settings_accept_zonein_confirmation">TRUE</Setting>
				<Setting Name="checkbox_settings_enable_abilityrotate">TRUE</Setting>
				<Setting Name="checkbox_settings_disablecaststack_cure">FALSE</Setting>
				<Setting Name="checkbox_settings_no_overseer">TRUE</Setting>
				<Setting Name="checkbox_settings_do_not_show_revision_history">TRUE</Setting>
				<Setting Name="checkbox_settings_enable_chatevents">TRUE</Setting>
				<Setting Name="checkbox_settings_handle_hq_earring">TRUE</Setting>
				<Setting Name="checkbox_settings_acceptnochoicerewards">TRUE</Setting>
				<Setting Name="checkbox_settings_consumeitems">TRUE</Setting>
				<Setting Name="checkbox_settings_disable_dbc_claim">TRUE</Setting>
				<Setting Name="checkbox_settings_enable_itemrotate">TRUE</Setting>
				<Setting Name="checkbox_settings_crowdcontrol">FALSE</Setting>
				<Setting Name="checkbox_settings_disablemercsupport">TRUE</Setting>
				<Setting Name="checkbox_settings_acceptraidreadychecks">TRUE</Setting>
				<Setting Name="checkbox_settings_castwhilemoving">TRUE</Setting>
				<Setting Name="checkbox_settings_enable_tag_embargo">TRUE</Setting>
				<Setting Name="checkbox_settings_enable_tag_allow">TRUE</Setting>
				<Setting Name="checkbox_settings_ascension_embargo_and_combos">FALSE</Setting>
				<Setting Name="checkbox_settings_show_surge_messages">FALSE</Setting>
				<Setting Name="checkbox_settings_cancelabilitiestogroupcure">FALSE</Setting>
				<Setting Name="checkbox_settings_globally_mute_abilityrotation">TRUE</Setting>
				<Setting Name="checkbox_settings_disablecaststack_buffs">FALSE</Setting>
				<Setting Name="checkbox_settings_disablecaststack_items">FALSE</Setting>
			</Set>
			<Set Name="Setup">
				<Setting Name="textentry_setup_percenttoattack">99</Setting>
				<Setting Name="textentry_setup_moveintoattackrangehealthpercent">99</Setting>
				<Setting Name="textentry_setup_petpercenttoattack">99</Setting>
				<Setting Name="textentry_setup_powertousecas">5</Setting>
				<Setting Name="textentry_setup_healthtousecas">5</Setting>
				<Setting Name="textentry_setup_percenttousemanastone">10</Setting>
				<Setting Name="textentry_setup_percenttouseshards">10</Setting>
				<Setting Name="textentry_setup_reswaittimer">2</Setting>
				<Setting Name="checkbox_setup_broadcasttellstouplink">TRUE</Setting>
				<Setting Name="checkbox_setup_receivetellsfromuplink">FALSE</Setting>
				<Setting Name="combobox_setup_autofollowname">*Tank</Setting>
				<Setting Name="combobox_setup_shardcaster">Disabled</Setting>
				<Setting Name="combobox_setup_heartcaster">Disabled</Setting>
				<Setting Name="textentry_setup_spellrangeextender">0</Setting>
				<Setting Name="textentry_setup_moveintomeleerangemaxdistance">80</Setting>
				<Setting Name="textentry_setup_autofollowmaxdistance">50</Setting>
			</Set>
			<Set Name="SetupInvis">
				<Set Name="1">
					<Setting Name="__SourceName">Blindside</Setting>
				</Set>
				<Set Name="2">
					<Setting Name="__SourceName">Spiritshroud</Setting>
				</Set>
			</Set>
			<Set Name="CastStack">
				<Set Name="1">
					<Setting Name="%">100</Setting>
					<Setting Name="__SourceName">Ethereal Conduit</Setting>
					<Setting Name="ATag">PreCastTag</Setting>
					<Setting Name="AType">Listen Only</Setting>
					<Setting Name="Target">@Me</Setting>
					<Setting Name="Type">Heal</Setting>
				</Set>
				<Set Name="2">
					<Setting Name="%">100</Setting>
					<Setting Name="__SourceName">Touch of Magic</Setting>
					<Setting Name="ATag">PreCastTag</Setting>
					<Setting Name="AType">Listen Only</Setting>
					<Setting Name="Type">Heal</Setting>
				</Set>
				<Set Name="3">
					<Setting Name="__SourceName">Pact of the Fire Tyrant</Setting>
					<Setting Name="Type">NonCombatBuff</Setting>
				</Set>
				<Set Name="4">
					<Setting Name="__IsItem">TRUE</Setting>
					<Setting Name="__ItemName">Cerebral Incubator</Setting>
					<Setting Name="__SourceName">Item:Cerebral Incubator</Setting>
					<Setting Name="RIE">TRUE</Setting>
					<Setting Name="Type">Buff</Setting>
				</Set>
				<Set Name="5">
					<Setting Name="__IsItem">TRUE</Setting>
					<Setting Name="__ItemName">Enduring Experimental Totem</Setting>
					<Setting Name="__SourceName">Item:Enduring Experimental Totem</Setting>
					<Setting Name="N_HP&lt;">98</Setting>
					<Setting Name="Type">NamedCA</Setting>
				</Set>
				<Set Name="6">
					<Setting Name="__IsItem">TRUE</Setting>
					<Setting Name="__ItemName">Cosmic Ring of Vast Power</Setting>
					<Setting Name="__SourceName">Item:Cosmic Ring of Vast Power</Setting>
					<Setting Name="Type">NamedCA</Setting>
				</Set>
				<Set Name="7">
					<Setting Name="%">0</Setting>
					<Setting Name="__IsItem">TRUE</Setting>
					<Setting Name="__ItemName">Shadowscream Essence of Clarity</Setting>
					<Setting Name="__SourceName">Item:Shadowscream Essence of Clarity</Setting>
					<Setting Name="Target">@Me</Setting>
					<Setting Name="Type">PowerHeal</Setting>
				</Set>
				<Set Name="8">
					<Setting Name="__Disabled">TRUE</Setting>
					<Setting Name="__IsItem">TRUE</Setting>
					<Setting Name="__ItemName">Acrylia Cure Arcane</Setting>
					<Setting Name="__SourceName">Item:Acrylia Cure Arcane</Setting>
					<Setting Name="Type">Cure</Setting>
				</Set>
				<Set Name="9">
					<Setting Name="__Disabled">TRUE</Setting>
					<Setting Name="__IsItem">TRUE</Setting>
					<Setting Name="__ItemName">Acrylia Cure Elemental</Setting>
					<Setting Name="__SourceName">Item:Acrylia Cure Elemental</Setting>
					<Setting Name="Type">Cure</Setting>
				</Set>
				<Set Name="10">
					<Setting Name="__Disabled">TRUE</Setting>
					<Setting Name="__IsItem">TRUE</Setting>
					<Setting Name="__ItemName">Acrylia Cure Noxious</Setting>
					<Setting Name="__SourceName">Item:Acrylia Cure Noxious</Setting>
					<Setting Name="Type">Cure</Setting>
				</Set>
				<Set Name="11">
					<Setting Name="__Disabled">TRUE</Setting>
					<Setting Name="__IsItem">TRUE</Setting>
					<Setting Name="__ItemName">Acrylia Cure Trauma</Setting>
					<Setting Name="__SourceName">Item:Acrylia Cure Trauma</Setting>
					<Setting Name="Type">Cure</Setting>
				</Set>
				<Set Name="12">
					<Setting Name="__Disabled">TRUE</Setting>
					<Setting Name="__IsItem">TRUE</Setting>
					<Setting Name="__ItemName">Fabled Mark of Incineration</Setting>
					<Setting Name="__SourceName">Item:Fabled Mark of Incineration</Setting>
					<Setting Name="RIE">TRUE</Setting>
					<Setting Name="Type">Buff</Setting>
				</Set>
				<Set Name="13">
					<Setting Name="__SourceName">Feral Stance</Setting>
					<Setting Name="Type">Buff</Setting>
				</Set>
				<Set Name="14">
					<Setting Name="__Disabled">TRUE</Setting>
					<Setting Name="__SourceName">Spiritual Stance</Setting>
					<Setting Name="Type">Buff</Setting>
				</Set>
				<Set Name="15">
					<Setting Name="__SourceName">Persistence</Setting>
					<Setting Name="Type">Buff</Setting>
				</Set>
				<Set Name="16">
					<Setting Name="__SourceName">Dozekar's Resilience</Setting>
					<Setting Name="Type">Buff</Setting>
				</Set>
				<Set Name="17">
					<Setting Name="__Disabled">TRUE</Setting>
					<Setting Name="__SourceName">Recapture</Setting>
					<Setting Name="Target">@Enchanter</Setting>
					<Setting Name="Type">Buff</Setting>
				</Set>
				<Set Name="18">
					<Setting Name="__Disabled">TRUE</Setting>
					<Setting Name="__SourceName">Summon Warder: Dire</Setting>
					<Setting Name="Type">Buff</Setting>
				</Set>
				<Set Name="19">
					<Setting Name="__Disabled">TRUE</Setting>
					<Setting Name="__SourceName">Summon Warder: Drake</Setting>
					<Setting Name="Type">Buff</Setting>
				</Set>
				<Set Name="20">
					<Setting Name="__Disabled">TRUE</Setting>
					<Setting Name="__SourceName">Summon Warder: Rodent</Setting>
					<Setting Name="Type">Buff</Setting>
				</Set>
				<Set Name="21">
					<Setting Name="__SourceName">Summon Warder: Enchanted</Setting>
					<Setting Name="Type">Buff</Setting>
				</Set>
				<Set Name="22">
					<Setting Name="__Disabled">TRUE</Setting>
					<Setting Name="__SourceName">Summon Warder: Mystical</Setting>
					<Setting Name="Type">Buff</Setting>
				</Set>
				<Set Name="23">
					<Setting Name="__SourceName">Blood Ember Familiar Infusion</Setting>
					<Setting Name="Type">Buff</Setting>
				</Set>
				<Set Name="24">
					<Setting Name="__SourceName">Tolan's Darkwood Mount Infusion</Setting>
					<Setting Name="Type">Buff</Setting>
				</Set>
				<Set Name="25">
					<Setting Name="__SourceName">------------------------------------------------------------------------------</Setting>
					<Setting Name="Type">Buff</Setting>
				</Set>
				<Set Name="26">
					<Setting Name="__Disabled">TRUE</Setting>
					<Setting Name="__SourceName">Frigid Fortification</Setting>
					<Setting Name="ID">TRUE</Setting>
					<Setting Name="Tag">MaxHeal</Setting>
					<Setting Name="Target">@Me</Setting>
					<Setting Name="Type">Combat</Setting>
				</Set>
				<Set Name="27">
					<Setting Name="#">4</Setting>
					<Setting Name="__SourceName">Spiral of Shadows</Setting>
					<Setting Name="Type">NamedCA</Setting>
				</Set>
				<Set Name="28">
					<Setting Name="__SourceName">------------------------------------------------------------------------------</Setting>
					<Setting Name="Type">Buff</Setting>
				</Set>
				<Set Name="29">
					<Setting Name="__SourceName">Evasive Maneuvers</Setting>
					<Setting Name="ATag">Primal</Setting>
					<Setting Name="ETag">PrimalWindow</Setting>
					<Setting Name="EType">Trigger Only</Setting>
					<Setting Name="Tag">Opener</Setting>
					<Setting Name="Type">CA</Setting>
				</Set>
				<Set Name="30">
					<Setting Name="__SourceName">Savagery Freeze</Setting>
					<Setting Name="ATag">PrimalTemps</Setting>
					<Setting Name="AType">Listen Only</Setting>
					<Setting Name="Sav">6</Setting>
					<Setting Name="Type">NamedCA</Setting>
				</Set>
				<Set Name="31">
					<Setting Name="#">1</Setting>
					<Setting Name="__SourceName">Feral Intensity</Setting>
					<Setting Name="Type">CA</Setting>
				</Set>
				<Set Name="32">
					<Setting Name="__SourceName">Primal Assault</Setting>
					<Setting Name="ATag">PrimalTemps</Setting>
					<Setting Name="AType">Listen Only</Setting>
					<Setting Name="Type">NamedCA</Setting>
				</Set>
				<Set Name="33">
					<Setting Name="__SourceName">Claw of Khati Sha</Setting>
					<Setting Name="ATag">Primal</Setting>
					<Setting Name="AType">Listen Only</Setting>
					<Setting Name="Tag">Feral-S1</Setting>
					<Setting Name="Type">CA</Setting>
				</Set>
				<Set Name="34">
					<Setting Name="#">1</Setting>
					<Setting Name="__SourceName">Energizing Assault</Setting>
					<Setting Name="ATag">Primal</Setting>
					<Setting Name="AType">Listen Only</Setting>
					<Setting Name="Tag">Spirit-S1</Setting>
					<Setting Name="Type">CA</Setting>
				</Set>
				<Set Name="35">
					<Setting Name="__Disabled">TRUE</Setting>
					<Setting Name="__SourceName">Shadow Leap</Setting>
					<Setting Name="ATag">Primal</Setting>
					<Setting Name="AType">Listen Only</Setting>
					<Setting Name="Tag">Feral-S1</Setting>
					<Setting Name="Type">CA</Setting>
				</Set>
				<Set Name="36">
					<Setting Name="__SourceName">Noxious Grasp</Setting>
					<Setting Name="ATag">Primal</Setting>
					<Setting Name="AType">Listen Only</Setting>
					<Setting Name="Tag">Feral-S2</Setting>
					<Setting Name="Type">CA</Setting>
				</Set>
				<Set Name="37">
					<Setting Name="__SourceName">Chillbarrier</Setting>
					<Setting Name="ATag">Primal</Setting>
					<Setting Name="AType">Listen Only</Setting>
					<Setting Name="ID">TRUE</Setting>
					<Setting Name="Tag">Spirit-S2</Setting>
					<Setting Name="Type">CA</Setting>
				</Set>
				<Set Name="38">
					<Setting Name="__Disabled">TRUE</Setting>
					<Setting Name="__SourceName">Venom Fangs</Setting>
					<Setting Name="ATag">Primal</Setting>
					<Setting Name="AType">Listen Only</Setting>
					<Setting Name="ID">TRUE</Setting>
					<Setting Name="Tag">Feral-S2</Setting>
					<Setting Name="Type">CA</Setting>
				</Set>
				<Set Name="39">
					<Setting Name="__Disabled">TRUE</Setting>
					<Setting Name="__SourceName">Shalih Mar's Mandate</Setting>
					<Setting Name="ATag">Primal</Setting>
					<Setting Name="AType">Listen Only</Setting>
					<Setting Name="ID">TRUE</Setting>
					<Setting Name="Tag">Feral-S2</Setting>
					<Setting Name="Type">CA</Setting>
				</Set>
				<Set Name="40">
					<Setting Name="#">1</Setting>
					<Setting Name="__SourceName">Draconic Breath</Setting>
					<Setting Name="ATag">Primal</Setting>
					<Setting Name="AType">Listen Only</Setting>
					<Setting Name="Tag">Feral-S5</Setting>
					<Setting Name="Type">CA</Setting>
				</Set>
				<Set Name="41">
					<Setting Name="__SourceName">Enchanted Barrier</Setting>
					<Setting Name="ATag">Primal</Setting>
					<Setting Name="AType">Listen Only</Setting>
					<Setting Name="ID">TRUE</Setting>
					<Setting Name="Tag">Spirit-S5</Setting>
					<Setting Name="Type">CA</Setting>
				</Set>
				<Set Name="42">
					<Setting Name="__SourceName">Brutal Beatdown</Setting>
					<Setting Name="ATag">Primal</Setting>
					<Setting Name="Tag">Feral-S6</Setting>
					<Setting Name="Type">CA</Setting>
				</Set>
				<Set Name="43">
					<Setting Name="#">1</Setting>
					<Setting Name="__SourceName">Astral Soulsiphon</Setting>
					<Setting Name="ATag">Primal</Setting>
					<Setting Name="AType">Listen Only</Setting>
					<Setting Name="Tag">Spirit-S6</Setting>
					<Setting Name="Type">CA</Setting>
				</Set>
				<Set Name="44">
					<Setting Name="__SourceName">Savage Ravaging</Setting>
					<Setting Name="ATag">Primal</Setting>
					<Setting Name="AType">Listen Only</Setting>
					<Setting Name="Tag">Feral-S4</Setting>
					<Setting Name="Type">CA</Setting>
				</Set>
				<Set Name="45">
					<Setting Name="#">1</Setting>
					<Setting Name="__SourceName">U'lla's Resolution</Setting>
					<Setting Name="ATag">Primal</Setting>
					<Setting Name="AType">Listen Only</Setting>
					<Setting Name="ID">TRUE</Setting>
					<Setting Name="Tag">Spirit-S4</Setting>
					<Setting Name="Type">CA</Setting>
				</Set>
				<Set Name="46">
					<Setting Name="#">1</Setting>
					<Setting Name="__Disabled">TRUE</Setting>
					<Setting Name="__SourceName">Luclin's Pain</Setting>
					<Setting Name="ATag">Primal</Setting>
					<Setting Name="AType">Listen Only</Setting>
					<Setting Name="Tag">Feral-S4</Setting>
					<Setting Name="Type">CA</Setting>
				</Set>
				<Set Name="47">
					<Setting Name="__Disabled">TRUE</Setting>
					<Setting Name="__SourceName">Truespirit Venom</Setting>
					<Setting Name="ATag">Primal</Setting>
					<Setting Name="AType">Listen Only</Setting>
					<Setting Name="ID">TRUE</Setting>
					<Setting Name="Tag">Feral-S3</Setting>
					<Setting Name="Type">CA</Setting>
				</Set>
				<Set Name="48">
					<Setting Name="__SourceName">Silent Talon</Setting>
					<Setting Name="ATag">Primal</Setting>
					<Setting Name="AType">Listen Only</Setting>
					<Setting Name="ID">TRUE</Setting>
					<Setting Name="Tag">Feral-S3</Setting>
					<Setting Name="Type">CA</Setting>
				</Set>
				<Set Name="49">
					<Setting Name="#">1</Setting>
					<Setting Name="__SourceName">Courageous Scarring</Setting>
					<Setting Name="ATag">Primal</Setting>
					<Setting Name="AType">Listen Only</Setting>
					<Setting Name="ID">TRUE</Setting>
					<Setting Name="Tag">Spirit-S3</Setting>
					<Setting Name="Type">CA</Setting>
				</Set>
				<Set Name="50">
					<Setting Name="__SourceName">Evade</Setting>
					<Setting Name="ATag">Primal</Setting>
					<Setting Name="AType">Listen Only</Setting>
					<Setting Name="ETag">PrimalWindow</Setting>
					<Setting Name="EType">Listen Only</Setting>
					<Setting Name="Tag">Closer</Setting>
					<Setting Name="Type">CA</Setting>
				</Set>
				<Set Name="51">
					<Setting Name="__SourceName">------------------------------------------------------------------------------</Setting>
					<Setting Name="Type">Buff</Setting>
				</Set>
				<Set Name="52">
					<Setting Name="__SourceName">Spiritual Feast</Setting>
					<Setting Name="ATag">FastCast</Setting>
					<Setting Name="AType">Listen Only</Setting>
					<Setting Name="IE">TRUE</Setting>
					<Setting Name="Type">CA</Setting>
				</Set>
				<Set Name="53">
					<Setting Name="#">1</Setting>
					<Setting Name="__SourceName">Dagger Storm</Setting>
					<Setting Name="ATag">FastCast</Setting>
					<Setting Name="AType">Listen Only</Setting>
					<Setting Name="Type">CA</Setting>
				</Set>
				<Set Name="54">
					<Setting Name="__SourceName">Feral Rending</Setting>
					<Setting Name="ATag">FastCast</Setting>
					<Setting Name="AType">Listen Only</Setting>
					<Setting Name="Type">CA</Setting>
				</Set>
				<Set Name="55">
					<Setting Name="__SourceName">Shiverback Endemic</Setting>
					<Setting Name="ATag">FastCast</Setting>
					<Setting Name="AType">Listen Only</Setting>
					<Setting Name="Type">CA</Setting>
				</Set>
				<Set Name="56">
					<Setting Name="__SourceName">Glacial Roar</Setting>
					<Setting Name="ATag">FastCast</Setting>
					<Setting Name="AType">Listen Only</Setting>
					<Setting Name="Type">CA</Setting>
				</Set>
				<Set Name="57">
					<Setting Name="__SourceName">Flurry of Claws</Setting>
					<Setting Name="ATag">FastCast</Setting>
					<Setting Name="AType">Listen Only</Setting>
					<Setting Name="Type">CA</Setting>
				</Set>
				<Set Name="58">
					<Setting Name="__SourceName">Spinechiller Blood</Setting>
					<Setting Name="ATag">FastCast</Setting>
					<Setting Name="AType">Listen Only</Setting>
					<Setting Name="Type">CA</Setting>
				</Set>
				<Set Name="59">
					<Setting Name="__SourceName">Elnakii's Swipe</Setting>
					<Setting Name="ATag">FastCast</Setting>
					<Setting Name="AType">Listen Only</Setting>
					<Setting Name="Type">CA</Setting>
				</Set>
				<Set Name="60">
					<Setting Name="__Disabled">TRUE</Setting>
					<Setting Name="__SourceName">Evade</Setting>
					<Setting Name="ATag">FastCast</Setting>
					<Setting Name="AType">Listen Only</Setting>
					<Setting Name="ID">TRUE</Setting>
					<Setting Name="Type">CA</Setting>
				</Set>
				<Set Name="61">
					<Setting Name="__Disabled">TRUE</Setting>
					<Setting Name="__SourceName">Evasive Maneuvers</Setting>
					<Setting Name="ATag">FastCast</Setting>
					<Setting Name="AType">Listen Only</Setting>
					<Setting Name="Type">CA</Setting>
				</Set>
				<Set Name="62">
					<Setting Name="__SourceName">Glacial Lance</Setting>
					<Setting Name="ATag">FastCast</Setting>
					<Setting Name="AType">Listen Only</Setting>
					<Setting Name="Type">CA</Setting>
				</Set>
				<Set Name="63">
					<Setting Name="__SourceName">------------------------------------------------------------------------------</Setting>
					<Setting Name="Type">Buff</Setting>
				</Set>
				<Set Name="64">
					<Setting Name="__Disabled">TRUE</Setting>
					<Setting Name="__SourceName">Glacial Lance</Setting>
					<Setting Name="ATag">ECPostCast</Setting>
					<Setting Name="AType">Listen Only</Setting>
					<Setting Name="Type">NamedCA</Setting>
				</Set>
				<Set Name="65">
					<Setting Name="__Disabled">TRUE</Setting>
					<Setting Name="__SourceName">Ethershadow Assassin</Setting>
					<Setting Name="ATag">ECPostCast</Setting>
					<Setting Name="AType">Listen Only</Setting>
					<Setting Name="ETag">EARefresh</Setting>
					<Setting Name="EType">Trigger Only</Setting>
					<Setting Name="Type">NamedCA</Setting>
				</Set>
				<Set Name="66">
					<Setting Name="__SourceName">Den Mother's Intervention</Setting>
					<Setting Name="Type">Buff</Setting>
				</Set>
				<Set Name="67">
					<Setting Name="%">90</Setting>
					<Setting Name="__SourceName">Marisha Kur's Protection</Setting>
					<Setting Name="Type">Heal</Setting>
				</Set>
				<Set Name="68">
					<Setting Name="%">80</Setting>
					<Setting Name="__SourceName">Frostwall</Setting>
					<Setting Name="Type">Heal</Setting>
				</Set>
				<Set Name="69">
					<Setting Name="__Disabled">TRUE</Setting>
					<Setting Name="__IsItem">TRUE</Setting>
					<Setting Name="__ItemName">Petamorph Wand: Icemane Lion</Setting>
					<Setting Name="__SourceName">Item:Petamorph Wand: Icemane Lion</Setting>
					<Setting Name="Type">NonCombatBuff</Setting>
				</Set>
				<Set Name="70">
					<Setting Name="#">2</Setting>
					<Setting Name="__SourceName">Feral Destruction</Setting>
					<Setting Name="Type">CA</Setting>
				</Set>
				<Set Name="71">
					<Setting Name="#">2</Setting>
					<Setting Name="__SourceName">Dagger Storm</Setting>
					<Setting Name="Type">CA</Setting>
				</Set>
				<Set Name="72">
					<Setting Name="__IsItem">TRUE</Setting>
					<Setting Name="__ItemName">Scepter of Shadows</Setting>
					<Setting Name="__SourceName">Item:Scepter of Shadows</Setting>
					<Setting Name="Tag">Scepter</Setting>
					<Setting Name="Type">NamedCA</Setting>
				</Set>
				<Set Name="73">
					<Setting Name="__IsItem">TRUE</Setting>
					<Setting Name="__ItemName">Scepter of Illumination</Setting>
					<Setting Name="__SourceName">Item:Scepter of Illumination</Setting>
					<Setting Name="Tag">Scepter</Setting>
					<Setting Name="Type">NamedCA</Setting>
				</Set>
				<Set Name="74">
					<Setting Name="#">1</Setting>
					<Setting Name="__SourceName">Ralissk's Perception</Setting>
					<Setting Name="Type">NamedCA</Setting>
				</Set>
				<Set Name="75">
					<Setting Name="__SourceName">Feral Rip</Setting>
					<Setting Name="Type">NamedCA</Setting>
				</Set>
				<Set Name="76">
					<Setting Name="__Disabled">TRUE</Setting>
					<Setting Name="__SourceName">Ethereal Conduit</Setting>
					<Setting Name="ATag">ECPostCast</Setting>
					<Setting Name="AType">Trigger Only</Setting>
					<Setting Name="ETag">EARefresh</Setting>
					<Setting Name="EType">Listen Only</Setting>
					<Setting Name="Named">TRUE</Setting>
					<Setting Name="Target">@Me</Setting>
					<Setting Name="Type">Combat</Setting>
				</Set>
				<Set Name="77">
					<Setting Name="__SourceName">Evasive Maneuvers</Setting>
					<Setting Name="ATag">Primal</Setting>
					<Setting Name="AType">Trigger Only</Setting>
					<Setting Name="ETag">PrimalWindow</Setting>
					<Setting Name="EType">Trigger Only</Setting>
					<Setting Name="Sav">6</Setting>
					<Setting Name="Type">CA</Setting>
				</Set>
				<Set Name="78">
					<Setting Name="__SourceName">------------------------------------------------------------------------------</Setting>
					<Setting Name="Type">Buff</Setting>
				</Set>
				<Set Name="79">
					<Setting Name="__Disabled">TRUE</Setting>
					<Setting Name="__SourceName">Soulbreath</Setting>
					<Setting Name="ID">TRUE</Setting>
					<Setting Name="Sav">6</Setting>
					<Setting Name="Tag">Spirit-S5</Setting>
					<Setting Name="Type">CA</Setting>
				</Set>
				<Set Name="80">
					<Setting Name="#">1</Setting>
					<Setting Name="__Disabled">TRUE</Setting>
					<Setting Name="__SourceName">Restoration of Marisha Kur</Setting>
					<Setting Name="Sav">6</Setting>
					<Setting Name="Tag">Spirit-S1</Setting>
					<Setting Name="Type">CA</Setting>
				</Set>
				<Set Name="81">
					<Setting Name="__Disabled">TRUE</Setting>
					<Setting Name="__SourceName">Ferocious Roar</Setting>
					<Setting Name="ID">TRUE</Setting>
					<Setting Name="Sav">6</Setting>
					<Setting Name="Tag">Spirit-S2</Setting>
					<Setting Name="Type">CA</Setting>
				</Set>
				<Set Name="82">
					<Setting Name="#">1</Setting>
					<Setting Name="__Disabled">TRUE</Setting>
					<Setting Name="__SourceName">Wild Goring</Setting>
					<Setting Name="ID">TRUE</Setting>
					<Setting Name="Sav">6</Setting>
					<Setting Name="Tag">Spirit-S3</Setting>
					<Setting Name="Type">CA</Setting>
				</Set>
				<Set Name="83">
					<Setting Name="#">1</Setting>
					<Setting Name="__Disabled">TRUE</Setting>
					<Setting Name="__SourceName">Kaldrahir's Leadership</Setting>
					<Setting Name="ID">TRUE</Setting>
					<Setting Name="Sav">6</Setting>
					<Setting Name="Tag">Spirit-S3</Setting>
					<Setting Name="Type">CA</Setting>
				</Set>
				<Set Name="84">
					<Setting Name="__SourceName">------------------------------------------------------------------------------</Setting>
					<Setting Name="Type">Buff</Setting>
				</Set>
				<Set Name="85">
					<Setting Name="__SourceName">Callous Ferocity</Setting>
					<Setting Name="Type">CA</Setting>
				</Set>
				<Set Name="86">
					<Setting Name="#">1</Setting>
					<Setting Name="__SourceName">Spiritual Feast</Setting>
					<Setting Name="Type">CA</Setting>
				</Set>
				<Set Name="87">
					<Setting Name="__SourceName">Feral Rending</Setting>
					<Setting Name="Type">CA</Setting>
				</Set>
				<Set Name="88">
					<Setting Name="__SourceName">Flurry of Claws</Setting>
					<Setting Name="Type">CA</Setting>
				</Set>
				<Set Name="89">
					<Setting Name="__SourceName">Shiverback Endemic</Setting>
					<Setting Name="ID">TRUE</Setting>
					<Setting Name="Type">CA</Setting>
				</Set>
				<Set Name="90">
					<Setting Name="#">1</Setting>
					<Setting Name="__SourceName">Glacial Roar</Setting>
					<Setting Name="Type">CA</Setting>
				</Set>
				<Set Name="91">
					<Setting Name="__SourceName">Glacial Freeze</Setting>
					<Setting Name="Type">NamedCA</Setting>
				</Set>
				<Set Name="92">
					<Setting Name="__SourceName">Brittle Armor</Setting>
					<Setting Name="Type">NamedCA</Setting>
				</Set>
				<Set Name="93">
					<Setting Name="__Disabled">TRUE</Setting>
					<Setting Name="__SourceName">Feedback Loop</Setting>
					<Setting Name="ATag">FastCast</Setting>
					<Setting Name="AType">Trigger Only</Setting>
					<Setting Name="Sav">6</Setting>
					<Setting Name="Type">NamedCA</Setting>
				</Set>
				<Set Name="94">
					<Setting Name="__SourceName">Ralissk's Insight</Setting>
					<Setting Name="Type">NamedCA</Setting>
				</Set>
				<Set Name="95">
					<Setting Name="#">1</Setting>
					<Setting Name="__SourceName">Spiral of Shadows</Setting>
					<Setting Name="Type">NamedCA</Setting>
				</Set>
				<Set Name="96">
					<Setting Name="#">1</Setting>
					<Setting Name="__SourceName">Feral Destruction</Setting>
					<Setting Name="Type">CA</Setting>
				</Set>
				<Set Name="97">
					<Setting Name="__SourceName">Fiery Incineration</Setting>
					<Setting Name="Type">NamedCA</Setting>
				</Set>
				<Set Name="98">
					<Setting Name="#">4</Setting>
					<Setting Name="__Disabled">TRUE</Setting>
					<Setting Name="__SourceName">Implosion</Setting>
					<Setting Name="Type">NamedCA</Setting>
				</Set>
				<Set Name="99">
					<Setting Name="__SourceName">Elemental Overlord</Setting>
					<Setting Name="Type">NamedCA</Setting>
				</Set>
				<Set Name="100">
					<Setting Name="__Disabled">TRUE</Setting>
					<Setting Name="__SourceName">Mana Schism</Setting>
					<Setting Name="Tag">Ascension</Setting>
					<Setting Name="Type">NamedCA</Setting>
				</Set>
				<Set Name="101">
					<Setting Name="__SourceName">Savage Beating</Setting>
					<Setting Name="Type">NamedCA</Setting>
				</Set>
				<Set Name="102">
					<Setting Name="__SourceName">Savage Rake</Setting>
					<Setting Name="Type">CA</Setting>
				</Set>
				<Set Name="103">
					<Setting Name="#">1</Setting>
					<Setting Name="__SourceName">Scorched Earth</Setting>
					<Setting Name="Type">NamedCA</Setting>
				</Set>
				<Set Name="104">
					<Setting Name="__SourceName">Shred</Setting>
					<Setting Name="Type">NamedCA</Setting>
				</Set>
				<Set Name="105">
					<Setting Name="#">1</Setting>
					<Setting Name="__SourceName">Dagger Storm</Setting>
					<Setting Name="Type">CA</Setting>
				</Set>
				<Set Name="106">
					<Setting Name="__SourceName">Savage Blaze</Setting>
					<Setting Name="Type">NamedCA</Setting>
				</Set>
				<Set Name="107">
					<Setting Name="__SourceName">Savage Allies</Setting>
					<Setting Name="Type">NamedCA</Setting>
				</Set>
				<Set Name="108">
					<Setting Name="__Disabled">TRUE</Setting>
					<Setting Name="__SourceName">Cascading Force</Setting>
					<Setting Name="Tag">Ascension</Setting>
					<Setting Name="Type">NamedCA</Setting>
				</Set>
				<Set Name="109">
					<Setting Name="__Disabled">TRUE</Setting>
					<Setting Name="__SourceName">Compounding Force</Setting>
					<Setting Name="Tag">Ascension</Setting>
					<Setting Name="Type">NamedCA</Setting>
				</Set>
				<Set Name="110">
					<Setting Name="__Disabled">TRUE</Setting>
					<Setting Name="__SourceName">Levinbolt</Setting>
					<Setting Name="Tag">Ascension</Setting>
					<Setting Name="Type">NamedCA</Setting>
				</Set>
				<Set Name="111">
					<Setting Name="__Disabled">TRUE</Setting>
					<Setting Name="__SourceName">Spinechiller Blood</Setting>
					<Setting Name="Type">CA</Setting>
				</Set>
				<Set Name="112">
					<Setting Name="__Disabled">TRUE</Setting>
					<Setting Name="__SourceName">Touch of Magic</Setting>
					<Setting Name="Type">NamedCA</Setting>
				</Set>
				<Set Name="113">
					<Setting Name="#">1</Setting>
					<Setting Name="__SourceName">Beastsoul</Setting>
					<Setting Name="Tag">Spiritual</Setting>
					<Setting Name="Type">CA</Setting>
				</Set>
				<Set Name="114">
					<Setting Name="#">1</Setting>
					<Setting Name="__SourceName">Savage Resilience</Setting>
					<Setting Name="Tag">Spiritual</Setting>
					<Setting Name="Type">CA</Setting>
				</Set>
				<Set Name="115">
					<Setting Name="__SourceName">Unchained Ferocity</Setting>
					<Setting Name="Type">CA</Setting>
				</Set>
				<Set Name="116">
					<Setting Name="__Disabled">TRUE</Setting>
					<Setting Name="__SourceName">Essence of Magic</Setting>
					<Setting Name="Type">NamedCA</Setting>
				</Set>
				<Set Name="117">
					<Setting Name="__SourceName">Frigid Fortification</Setting>
					<Setting Name="ID">TRUE</Setting>
					<Setting Name="Tag">Spiritual</Setting>
					<Setting Name="Target">@Me</Setting>
					<Setting Name="Type">Combat</Setting>
				</Set>
				<Set Name="118">
					<Setting Name="__Disabled">TRUE</Setting>
					<Setting Name="__SourceName">Touch of Magic</Setting>
					<Setting Name="Type">NamedCA</Setting>
				</Set>
				<Set Name="119">
					<Setting Name="__Disabled">TRUE</Setting>
					<Setting Name="__SourceName">Warder's Shadow Step</Setting>
					<Setting Name="Type">CA</Setting>
				</Set>
				<Set Name="120">
					<Setting Name="__Disabled">TRUE</Setting>
					<Setting Name="__SourceName">Hawk Eyes</Setting>
					<Setting Name="Type">CA</Setting>
				</Set>
				<Set Name="121">
					<Setting Name="__Disabled">TRUE</Setting>
					<Setting Name="__SourceName">Neurotoxic Venom</Setting>
					<Setting Name="Type">CA</Setting>
				</Set>
				<Set Name="122">
					<Setting Name="#">1</Setting>
					<Setting Name="__SourceName">Noxious Assault</Setting>
					<Setting Name="Tag">Spiritual</Setting>
					<Setting Name="Type">CA</Setting>
				</Set>
				<Set Name="123">
					<Setting Name="__SourceName">Kaldrahir's Growl</Setting>
					<Setting Name="Type">CA</Setting>
				</Set>
				<Set Name="124">
					<Setting Name="#">4</Setting>
					<Setting Name="__SourceName">Savage Howl</Setting>
					<Setting Name="IAE">TRUE</Setting>
					<Setting Name="Type">CA</Setting>
				</Set>
				<Set Name="125">
					<Setting Name="__SourceName">Rush</Setting>
					<Setting Name="Type">CA</Setting>
				</Set>
				<Set Name="126">
					<Setting Name="__SourceName">Sinister Strike</Setting>
					<Setting Name="Type">CA</Setting>
				</Set>
				<Set Name="127">
					<Setting Name="__Disabled">TRUE</Setting>
					<Setting Name="__SourceName">Evade</Setting>
					<Setting Name="Type">CA</Setting>
				</Set>
				<Set Name="128">
					<Setting Name="__SourceName">Primal Consumption</Setting>
					<Setting Name="Type">CA</Setting>
				</Set>
				<Set Name="129">
					<Setting Name="__SourceName">Dragonwrath</Setting>
					<Setting Name="Type">CA</Setting>
				</Set>
				<Set Name="130">
					<Setting Name="__SourceName">Elnakii's Swipe</Setting>
					<Setting Name="Type">CA</Setting>
				</Set>
				<Set Name="131">
					<Setting Name="__SourceName">Bonechiller Venom</Setting>
					<Setting Name="Type">CA</Setting>
				</Set>
				<Set Name="132">
					<Setting Name="__SourceName">Quick Swipe</Setting>
					<Setting Name="Type">CA</Setting>
				</Set>
				<Set Name="133">
					<Setting Name="__SourceName">Sharpened Claws</Setting>
					<Setting Name="Type">CA</Setting>
				</Set>
				<Set Name="134">
					<Setting Name="__Disabled">TRUE</Setting>
					<Setting Name="__SourceName">U'lla's Spinning Bite</Setting>
					<Setting Name="Type">CA</Setting>
				</Set>
				<Set Name="135">
					<Setting Name="__SourceName">Vine Net</Setting>
					<Setting Name="Type">CA</Setting>
				</Set>
				<Set Name="136">
					<Setting Name="__SourceName">Intrinsic Nature</Setting>
					<Setting Name="Type">Buff</Setting>
				</Set>
				<Set Name="137">
					<Setting Name="__SourceName">Master of Beasts</Setting>
					<Setting Name="Type">Buff</Setting>
				</Set>
				<Set Name="138">
					<Setting Name="__SourceName">Savage Ruin</Setting>
					<Setting Name="Type">Buff</Setting>
				</Set>
				<Set Name="139">
					<Setting Name="__SourceName">Altered Beast</Setting>
					<Setting Name="Type">Buff</Setting>
				</Set>
				<Set Name="140">
					<Setting Name="__SourceName">Guild Buff</Setting>
					<Setting Name="Type">Buff</Setting>
				</Set>
				<Set Name="141">
					<Setting Name="__SourceName">Elemental Avatar</Setting>
					<Setting Name="Type">Buff</Setting>
				</Set>
				<Set Name="142">
					<Setting Name="__Disabled">TRUE</Setting>
					<Setting Name="__SourceName">Etherlord</Setting>
					<Setting Name="Type">Buff</Setting>
				</Set>
				<Set Name="143">
					<Setting Name="__SourceName">Pathfinding</Setting>
					<Setting Name="Type">Buff</Setting>
				</Set>
				<Set Name="144">
					<Setting Name="__SourceName">Chilling Claws</Setting>
					<Setting Name="Type">Buff</Setting>
				</Set>
				<Set Name="145">
					<Setting Name="__SourceName">Shrink Warder</Setting>
					<Setting Name="Type">Buff</Setting>
				</Set>
				<Set Name="146">
					<Setting Name="__Disabled">TRUE</Setting>
					<Setting Name="__SourceName">Illusion: Jann Magi</Setting>
					<Setting Name="Type">NonCombatBuff</Setting>
				</Set>
				<Set Name="147">
					<Setting Name="__Disabled">TRUE</Setting>
					<Setting Name="__SourceName">Loyal Zelniak Companion</Setting>
					<Setting Name="Type">NonCombatBuff</Setting>
				</Set>
				<Set Name="148">
					<Setting Name="__SourceName">Devoted Shadeweaver Sidekick</Setting>
					<Setting Name="Type">Buff</Setting>
				</Set>
				<Set Name="149">
					<Setting Name="__SourceName">Summon: Anashti's Undying Servant</Setting>
					<Setting Name="Type">NonCombatBuff</Setting>
				</Set>
				<Set Name="150">
					<Setting Name="__ENDOFCASTSTACK">TRUE</Setting>
					<Setting Name="__SourceName">============= END OF CAST STACK =============</Setting>
					<Setting Name="Type">Buff</Setting>
				</Set>
			</Set>
			<Set Name="AbilityRotation">
				<Set Name="1">
					<Setting Name="__SourceName">Savage Resilience</Setting>
					<Setting Name="Dur">15</Setting>
					<Setting Name="Me">TRUE</Setting>
				</Set>
				<Set Name="2">
					<Setting Name="__SourceName">Noxious Assault</Setting>
					<Setting Name="Dur">2</Setting>
					<Setting Name="Me">TRUE</Setting>
				</Set>
				<Set Name="3">
					<Setting Name="__SourceName">Neurotoxic Venom</Setting>
					<Setting Name="Dur">12</Setting>
					<Setting Name="Me">TRUE</Setting>
				</Set>
				<Set Name="4">
					<Setting Name="__SourceName">Hawk Eyes</Setting>
					<Setting Name="Dur">17</Setting>
					<Setting Name="Me">TRUE</Setting>
				</Set>
				<Set Name="5">
					<Setting Name="__SourceName">Essence of Magic</Setting>
					<Setting Name="G">TRUE</Setting>
					<Setting Name="I">TRUE</Setting>
				</Set>
				<Set Name="6">
					<Setting Name="__SourceName">Glacial Freeze</Setting>
					<Setting Name="I">TRUE</Setting>
				</Set>
				<Set Name="7">
					<Setting Name="__SourceName">Brittle Armor</Setting>
					<Setting Name="Dur">44</Setting>
					<Setting Name="I">TRUE</Setting>
				</Set>
			</Set>
			<Set Name="ItemRotation">
				<Set Name="1">
					<Setting Name="__IsItem">TRUE</Setting>
					<Setting Name="__ItemName">Scepter of Shadows</Setting>
					<Setting Name="__SourceName">Item:Scepter of Shadows</Setting>
					<Setting Name="Dur">15</Setting>
					<Setting Name="I">TRUE</Setting>
				</Set>
				<Set Name="2">
					<Setting Name="__IsItem">TRUE</Setting>
					<Setting Name="__ItemName">Scepter of Illumination</Setting>
					<Setting Name="__SourceName">Item:Scepter of Illumination</Setting>
					<Setting Name="Dur">15</Setting>
					<Setting Name="I">TRUE</Setting>
				</Set>
			</Set>
			<Set Name="Assist">
				<Set Name="1">
					<Setting Name="__SourceName">@Tank</Setting>
				</Set>
			</Set>
			<Set Name="Precast">
				<Set Name="1">
					<Setting Name="__SourceName">Dragon Claws</Setting>
					<Setting Name="On">Dagger Storm</Setting>
				</Set>
				<Set Name="2">
					<Setting Name="__Disabled">TRUE</Setting>
					<Setting Name="__SourceName">Ethereal Conduit</Setting>
					<Setting Name="On">Ethershadow Assassin</Setting>
				</Set>
			</Set>
			<Set Name="Postcast">
				<Set Name="1">
					<Setting Name="__SourceName">Focused Blast</Setting>
					<Setting Name="After">Levinbolt</Setting>
				</Set>
				<Set Name="2">
					<Setting Name="__Disabled">TRUE</Setting>
					<Setting Name="__SourceName">Ethershadow Assassin</Setting>
					<Setting Name="After">Ethereal Conduit</Setting>
				</Set>
			</Set>
			<Set Name="Loot">
				<Setting Name="checkbox_loot_ffaaccept">TRUE</Setting>
				<Setting Name="checkbox_loot_lottoaccept">TRUE</Setting>
				<Setting Name="checkbox_loot_confirmnotrade">TRUE</Setting>
				<Setting Name="checkbox_loot_nbgaccept">FALSE</Setting>
				<Setting Name="checkbox_loot_nbggreed">TRUE</Setting>
				<Setting Name="checkbox_loot_ffalooteverything">TRUE</Setting>
			</Set>
			<Set Name="OSA">
				<Setting Name="slider_osa_radius">53</Setting>
				<Setting Name="textentry_osa_radius">53</Setting>
				<Setting Name="checkbox_osa_targetsonly">TRUE</Setting>
			</Set>
			<Set Name="Announce">
				<Set Name="1">
					<Setting Name="__SourceName">Slice of Despair</Setting>
					<Setting Name="Target">Raid</Setting>
					<Setting Name="Txt">Casting Slice of Despair</Setting>
				</Set>
				<Set Name="2">
					<Setting Name="__SourceName">Balanced Synergy</Setting>
					<Setting Name="Target">Group</Setting>
					<Setting Name="Txt">Balanced Synergy - Scout</Setting>
				</Set>
				<Set Name="3">
					<Setting Name="__SourceName">Evasive Maneuvers</Setting>
					<Setting Name="Target">Execute In Console</Setting>
					<Setting Name="Txt">oc !c -AbilityTag all PrimalTemps 4 Allow</Setting>
				</Set>
				<Set Name="4">
					<Setting Name="__SourceName">Evasive Maneuvers</Setting>
					<Setting Name="Target">Raid</Setting>
					<Setting Name="Txt">Dumping Primals</Setting>
				</Set>
				<Set Name="5">
					<Setting Name="__SourceName">Evade</Setting>
					<Setting Name="Target">Execute In Console</Setting>
					<Setting Name="Txt">oc !c -AbilityTag_ResetAbilityTagAllow all Primal</Setting>
				</Set>
				<Set Name="6">
					<Setting Name="__SourceName">Evade</Setting>
					<Setting Name="Target">Execute In Console</Setting>
					<Setting Name="Txt">eq2execute cancel_maintained Feral Rampage</Setting>
				</Set>
				<Set Name="7">
					<Setting Name="__SourceName">Feral Rending</Setting>
					<Setting Name="Target">Execute In Console</Setting>
					<Setting Name="Txt">eq2execute cancel_maintained Warder's Ferocity</Setting>
				</Set>
				<Set Name="8">
					<Setting Name="__SourceName">Flurry of Claws</Setting>
					<Setting Name="Target">Execute In Console</Setting>
					<Setting Name="Txt">eq2execute cancel_maintained Warder's Ferocity</Setting>
				</Set>
			</Set>
			<Set Name="Other">
				<Setting Name="combobox_other_curabledisable">NULL</Setting>
				<Setting Name="checkbox_other_curabledisable">FALSE</Setting>
			</Set>
			<Set Name="Debug">
				<Setting Name="checkbox_debug_casting">FALSE</Setting>
				<Setting Name="checkbox_debug_whatisthebotdoing">FALSE</Setting>
				<Setting Name="checkbox_debug_castingdetails">FALSE</Setting>
				<Setting Name="checkbox_debug_castingextras">FALSE</Setting>
			</Set>
			<Set Name="AutoTarget">
				<Setting Name="slider_autotarget_scanheight">5</Setting>
				<Setting Name="slider_autotarget_scanradius">20</Setting>
				<Setting Name="slider_autotarget_rescantime">1</Setting>
			</Set>
			<Set Name="OnZoneExecute">
				<Set Name="1">
					<Setting Name="__SourceName">eq2execute summon_familiar</Setting>
				</Set>
			</Set>
			<Set Name="EquipmentInfo">
				<Setting Name="combobox_equipmentinfo_charmoption1">Item:Fabled Mark of Incineration</Setting>
				<Setting Name="combobox_equipmentinfo_charmoption2">Item:Unhatched Raptor Egg</Setting>
			</Set>
			<Set Name="OgreConsole">
				<Setting Name="checkbox_ogreconsole_hideonload">TRUE</Setting>
				<Setting Name="checkbox_ogreconsole_neverautoopen">TRUE</Setting>
			</Set>
			<Set Name="AscensionEmbargoList">
				<Set Name="1">
					<Setting Name="__SourceName">Ethershadow Assassin</Setting>
				</Set>
			</Set>
			<Set Name="Items">
				<Set Name="1">
					<Setting Name="__SourceName">Acrylia Cure Arcane</Setting>
				</Set>
				<Set Name="2">
					<Setting Name="__SourceName">Acrylia Cure Elemental</Setting>
				</Set>
				<Set Name="3">
					<Setting Name="__SourceName">Acrylia Cure Noxious</Setting>
				</Set>
				<Set Name="4">
					<Setting Name="__SourceName">Acrylia Cure Trauma</Setting>
				</Set>
				<Set Name="5">
					<Setting Name="__SourceName">Cerebral Incubator</Setting>
				</Set>
				<Set Name="6">
					<Setting Name="__SourceName">Cosmic Ring of Vast Power</Setting>
				</Set>
				<Set Name="7">
					<Setting Name="__SourceName">Enduring Experimental Totem</Setting>
				</Set>
				<Set Name="8">
					<Setting Name="__SourceName">Fabled Mark of Incineration</Setting>
				</Set>
				<Set Name="9">
					<Setting Name="__SourceName">Petamorph Wand: Icemane Lion</Setting>
				</Set>
				<Set Name="10">
					<Setting Name="__SourceName">Scepter of Illumination</Setting>
				</Set>
				<Set Name="11">
					<Setting Name="__SourceName">Scepter of Shadows</Setting>
				</Set>
				<Set Name="12">
					<Setting Name="__SourceName">Shadowscream Essence of Clarity</Setting>
				</Set>
				<Set Name="13">
					<Setting Name="__SourceName">Shadowscream Scroll of Brawn</Setting>
				</Set>
				<Set Name="14">
					<Setting Name="__SourceName">Shadowscream Scroll of Grappling</Setting>
				</Set>
				<Set Name="15">
					<Setting Name="__SourceName">Shadowscream Scroll of Pugilism</Setting>
				</Set>
				<Set Name="16">
					<Setting Name="__SourceName">Shadowscream Scroll of Skirmishing</Setting>
				</Set>
				<Set Name="17">
					<Setting Name="__SourceName">Skyshrine Petamorph Wand: Constructed Defender</Setting>
				</Set>
			</Set>
			<Set Name="Overseer">
				<Setting Name="checkbox_overseer_skip_treasured_quests">TRUE</Setting>
				<Setting Name="checkbox_overseer_skip_legendary_quests">FALSE</Setting>
			</Set>
			<Set Name="ConsumeItems">
				<Set Name="1">
					<Setting Name="__IsItem">TRUE</Setting>
					<Setting Name="__ItemName">Shadowscream Scroll of Pugilism</Setting>
					<Setting Name="__SourceName">Item:Shadowscream Scroll of Pugilism</Setting>
					<Setting Name="IC">TRUE</Setting>
				</Set>
				<Set Name="2">
					<Setting Name="__IsItem">TRUE</Setting>
					<Setting Name="__ItemName">Shadowscream Scroll of Skirmishing</Setting>
					<Setting Name="__SourceName">Item:Shadowscream Scroll of Skirmishing</Setting>
					<Setting Name="IC">TRUE</Setting>
				</Set>
			</Set>
			<Set Name="Tags_AddNew">
				<Set Name="1">
					<Setting Name="__SourceName">FastCast</Setting>
				</Set>
				<Set Name="2">
					<Setting Name="__SourceName">ECPostCast</Setting>
				</Set>
				<Set Name="3">
					<Setting Name="__SourceName">SlowFrigid</Setting>
				</Set>
				<Set Name="4">
					<Setting Name="__SourceName">EARefresh</Setting>
				</Set>
				<Set Name="5">
					<Setting Name="__SourceName">Primal</Setting>
				</Set>
				<Set Name="6">
					<Setting Name="__SourceName">PrimalTemps</Setting>
				</Set>
				<Set Name="7">
					<Setting Name="__SourceName">PrimalWindow</Setting>
				</Set>
				<Set Name="8">
					<Setting Name="__SourceName">PreCastTag</Setting>
				</Set>
			</Set>
			<Set Name="Tags">
				<Set Name="1">
					<Setting Name="+">1</Setting>
					<Setting Name="__SourceName">FastCast</Setting>
					<Setting Name="I">TRUE</Setting>
					<Setting Name="Me">TRUE</Setting>
				</Set>
				<Set Name="2">
					<Setting Name="__SourceName">ECPostCast</Setting>
					<Setting Name="I">TRUE</Setting>
					<Setting Name="Me">TRUE</Setting>
				</Set>
				<Set Name="3">
					<Setting Name="__SourceName">SlowFrigid</Setting>
					<Setting Name="Dur">3</Setting>
					<Setting Name="I">TRUE</Setting>
					<Setting Name="Me">TRUE</Setting>
				</Set>
				<Set Name="4">
					<Setting Name="__SourceName">EARefresh</Setting>
					<Setting Name="Dur">200</Setting>
					<Setting Name="I">TRUE</Setting>
					<Setting Name="Me">TRUE</Setting>
				</Set>
				<Set Name="5">
					<Setting Name="__SourceName">Primal</Setting>
					<Setting Name="Dur">25</Setting>
					<Setting Name="I">TRUE</Setting>
					<Setting Name="Me">TRUE</Setting>
				</Set>
				<Set Name="6">
					<Setting Name="__SourceName">PrimalTemps</Setting>
					<Setting Name="I">TRUE</Setting>
				</Set>
				<Set Name="7">
					<Setting Name="__SourceName">PrimalWindow</Setting>
					<Setting Name="Dur">10</Setting>
					<Setting Name="I">TRUE</Setting>
					<Setting Name="Me">TRUE</Setting>
				</Set>
				<Set Name="8">
					<Setting Name="__SourceName">PreCastTag</Setting>
					<Setting Name="I">TRUE</Setting>
					<Setting Name="Me">TRUE</Setting>
				</Set>
			</Set>
		</Set>
		<Setting Name="DefaultProfiles">Beastlord</Setting>
	</Set>
</InnerSpaceSettings>
